id,count
0,99.955284
1,231.98257
2,82.181046
4,107.77995
5,113.26207
10,133.72342
11,140.20908
12,216.33627
15,78.51318
17,46.36067
18,220.90125
23,215.52562
25,181.07285
26,88.34138
31,197.35052
39,193.22766
40,61.29243
41,147.4208
42,221.20929
43,181.98685
51,218.46777
52,70.77742
54,92.987
60,171.12868
61,201.45468
62,157.51234
63,49.60505
65,139.32074
66,131.53268
68,193.8186
71,62.215664
80,96.135414
82,89.20977
94,193.70985
98,203.87039
101,93.81415
102,177.63837
107,113.354546
112,231.22844
113,88.222626
115,33.42338
116,166.7267
120,89.55145
121,85.248215
122,225.2832
132,171.97365
143,64.75415
147,86.640854
150,75.04056
151,74.18325
152,212.20648
153,94.09997
155,87.614334
156,113.03327
159,202.48843
161,86.200714
163,84.04784
177,178.25368
186,90.650986
188,64.90564
190,81.047195
191,98.294426
192,183.643
195,217.22813
200,181.09622
209,211.49811
210,80.8584
211,241.19998
214,177.1064
215,95.14935
218,160.42694
219,52.994274
222,100.318306
225,67.06508
228,229.37106
236,212.26645
241,78.19131
242,184.55008
243,226.51926
245,74.11841
247,216.45438
251,198.82153
252,83.50124
253,79.88948
254,83.00392
258,208.57362
260,65.76399
261,189.73903
265,68.64891
266,206.36041
267,206.9625
269,172.22629
270,82.59621
275,158.08725
278,85.36886
279,62.479557
286,110.730606
287,64.29071
288,202.03156
289,178.64801
293,82.88479
294,187.77408
297,-0.047958404
302,122.57357
303,80.08351
304,118.167816
307,145.768
309,71.892914
311,209.93213
312,147.5574
314,211.26335
315,219.15274
319,189.74449
322,160.87645
323,67.68118
325,199.01541
327,206.14041
330,68.8874
332,205.26825
333,80.5482
338,165.00165
341,88.44
345,154.94415
348,157.0022
349,98.79228
350,127.02144
352,53.50949
355,53.67432
356,189.58318
358,79.37732
363,182.79428
369,198.07692
371,76.06066
372,206.34035
375,220.84663
380,200.67508
388,83.10731
391,198.34149
392,190.15569
393,218.56496
394,98.60269
396,65.343765
401,67.87423
407,44.12973
409,85.5622
410,143.11552
416,121.897995
418,125.4353
420,197.01147
421,219.20212
422,198.86157
424,223.82779
428,202.89035
429,222.02835
431,175.23624
435,27.151548
439,112.82844
441,65.81508
447,86.565
449,208.4891
451,212.00848
452,88.80884
454,183.52333
458,220.53511
463,184.04999
467,85.38071
470,144.56346
471,159.36209
474,210.31354
478,98.74881
483,116.0419
484,170.46426
485,84.17318
486,178.72623
491,141.41777
494,111.289375
495,198.55835
497,187.18939
499,221.9007
515,147.08794
518,185.62677
521,101.960335
525,209.70413
529,202.29092
532,177.4161
534,68.70732
540,77.78421
544,225.94806
547,190.34952
549,90.81575
563,67.829575
564,210.65143
567,125.578766
572,172.24223
577,190.17627
578,225.26962
585,218.05148
588,211.36192
589,187.5689
590,137.12392
592,94.0182
594,143.81078
596,82.21649
598,218.30663
599,187.14764
605,90.4332
606,166.75073
607,200.27359
608,193.85797
609,73.96745
610,199.86803
611,107.95985
614,181.2323
615,175.37149
616,199.00844
617,163.87729
618,194.3197
624,126.67497
629,193.03424
631,101.2431
633,101.933304
637,83.273926
638,161.08322
643,42.181545
644,176.87527
645,72.697586
646,179.78899
648,166.54736
650,76.29501
651,112.04428
652,222.46155
656,162.54765
657,101.24806
659,84.15827
660,176.32364
662,154.85873
665,213.73863
675,227.86688
681,163.59422
682,187.12793
685,65.83175
686,205.73615
689,79.63284
696,163.93906
703,189.57257
704,137.94948
705,161.47253
714,186.4433
717,83.38083
718,96.86368
720,77.47897
721,224.49777
723,194.7739
726,109.333725
728,197.99524
730,111.38369
731,89.00714
734,228.9219
737,65.90323
738,77.19171
745,219.31421
746,91.849304
749,183.93922
752,80.182755
753,96.336655
758,188.62245
765,103.804214
766,211.72162
768,76.461105
769,205.92679
774,184.30809
775,121.741325
781,71.52608
784,209.25471
794,109.37634
795,218.09105
796,79.68022
802,143.77219
803,110.02312
805,77.6575
806,214.0349
807,143.28076
809,64.48726
810,203.82153
812,101.51198
814,121.96422
818,194.14542
819,223.05696
825,4.3370733
836,106.0238
839,174.21007
847,213.71082
848,97.26822
851,193.52545
852,178.77249
853,61.84554
857,188.04532
858,100.47635
859,194.89899
861,15.601593
867,158.47507
870,187.40726
871,206.38126
872,233.55722
874,233.50583
881,218.3713
886,171.29745
890,62.19685
895,181.97252
899,80.38592
900,203.36621
901,210.46602
902,206.43718
903,86.816765
913,218.47903
918,212.51457
923,165.30228
924,74.31141
926,63.542282
927,78.28843
930,186.26141
934,61.40633
937,178.9128
939,145.51492
941,91.82732
942,228.85449
946,207.81863
950,141.63707
953,85.57482
959,65.83886
961,57.243053
962,95.097466
964,106.52449
969,177.65973
971,161.36098
976,76.15866
978,195.62326
980,209.0487
981,182.90382
990,220.98389
993,71.95921
996,81.04995
998,226.49326
999,195.1578
1006,166.58942
1008,91.75598
1013,80.23731
1015,134.57639
1016,180.65387
1022,214.16321
1026,194.16225
1028,219.08502
1031,39.231647
1034,88.82965
1037,210.52516
1040,100.49563
1042,76.47812
1046,108.27508
1048,130.04593
1049,162.11989
1050,77.04146
1051,208.96521
1052,203.83728
1055,110.61995
1060,172.8884
1064,107.76178
1066,79.6858
1071,179.3371
1073,83.875465
1089,205.03984
1091,138.389
1092,65.09808
1093,204.81955
1096,214.48895
1097,186.8713
1098,60.312748
1099,89.24031
1102,220.47469
1107,101.087906
1109,93.212524
1111,59.882725
1112,150.67801
1114,235.8838
1116,209.44217
1117,184.0538
1118,89.53964
1122,179.98123
1124,189.90614
1127,118.92426
1133,215.89807
1134,74.81059
1135,168.7098
1139,216.33987
1143,70.70608
1150,104.89811
1151,139.846
1153,211.50522
1155,73.80488
1162,68.900185
1163,180.10461
1166,20.566689
1171,83.933136
1172,71.65328
1173,211.02382
1174,106.25286
1177,120.63779
1178,127.761826
1184,109.03629
1185,150.23001
1186,103.727325
1187,206.3342
1188,221.31148
1191,184.18716
1207,134.95221
1213,92.89702
1215,189.4057
1223,214.70287
1227,150.11453
1236,70.312614
1237,57.97453
1238,104.84952
1241,72.21567
1248,81.678734
1250,74.63988
1251,200.04839
1253,118.65175
1255,145.01382
1257,220.60825
1261,125.23835
1262,215.75858
1265,171.24112
1273,211.23248
1277,204.93141
1278,148.6898
1280,110.35692
1284,176.15503
1285,225.95901
1288,100.71374
1295,140.99365
1297,237.42172
1299,213.09882
1304,182.70702
1308,76.478386
1310,137.91795
1311,160.07819
1314,92.084045
1315,146.93175
1318,40.527847
1320,232.44727
1321,208.93622
1322,187.37274
1330,174.7493
1333,193.48294
1334,177.63701
1341,187.93362
1344,151.4696
1351,193.09015
1354,85.713745
1356,81.55867
1363,157.18524
1365,199.6893
1369,167.19952
1373,124.22804
1375,157.789
1377,66.75132
1379,195.46375
1380,214.15662
1381,121.64496
1384,175.16393
1390,199.89528
1393,202.27634
1395,70.12256
1399,204.7568
1400,101.93426
1401,111.566734
1404,199.26653
1408,81.8856
1409,35.230053
1413,183.99686
1416,200.16728
1418,135.54056
1423,95.6377
1424,70.97889
1425,78.1569
1433,225.77103
1434,174.90375
1436,212.1106
1442,205.23343
1444,65.85751
1445,177.41745
1452,202.04303
1455,195.00427
1462,85.309975
1467,42.710583
1472,91.45812
1475,113.16591
1493,166.4206
1501,186.62042
1503,208.60825
1504,218.3056
1505,63.648598
1511,217.80803
1512,71.81348
1513,162.20465
1514,104.09163
1528,211.72299
1533,230.08615
1534,62.180916
1536,185.93994
1537,68.0212
1539,141.42757
1550,196.57419
1552,178.49883
1554,199.43651
1555,216.53241
1556,79.963745
1559,72.02319
1563,204.46466
1566,208.94516
1567,136.63333
1568,77.20823
1571,189.48703
1572,64.86345
1574,64.65491
1577,95.81072
1583,87.57473
1585,90.53767
1586,197.07045
1587,202.7638
1596,183.84137
1602,83.25511
1604,101.60791
1605,65.88728
1610,220.14844
1611,139.2482
1616,100.5319
1617,159.62213
1618,78.158585
1622,60.26606
1623,60.529575
1628,216.78632
1631,58.894176
1632,206.6963
1633,192.16565
1634,212.82776
1636,204.5427
1637,170.05269
1643,93.547226
1644,157.77214
1646,112.79397
1648,191.7232
1651,97.59087
1656,66.3203
1658,155.14221
1659,65.62325
1665,108.269226
1666,152.48169
1670,109.13097
1674,174.70078
1679,225.23561
1680,221.31586
1683,226.65634
1686,70.176994
1691,151.73843
1693,63.117508
1696,95.61601
1697,138.4372
1703,98.0768
1706,68.245926
1709,192.91177
1710,89.224
1712,196.47821
1713,173.77385
1718,226.78305
1719,198.15784
1722,212.68881
1723,170.42076
1724,218.6461
1728,63.398235
1730,91.01734
1732,61.76453
1737,46.246307
1745,63.48276
1747,92.74956
1748,88.411835
1755,138.79074
1759,94.35152
1761,209.18512
1764,178.85858
1765,197.59386
1766,57.715435
1768,71.41117
1770,81.56361
1771,179.61542
1774,119.08421
1785,179.92241
1788,224.20471
1792,88.35109
1794,186.34601
1797,155.93784
1798,57.35331
1799,229.45825
1802,147.33957
1806,84.32614
1808,84.60543
1810,207.61774
1818,43.12719
1819,226.33694
1820,224.41435
1822,194.75333
1826,219.65396
1827,175.13535
1835,87.2971
1841,134.29268
1842,124.268196
1843,105.854385
1846,57.62062
1849,70.02128
1850,225.48495
1851,125.51926
1857,75.00332
1858,177.5361
1860,126.55394
1861,196.9537
1864,99.301384
1869,213.63974
1871,99.15257
1872,32.213577
1875,67.05291
1878,231.27757
1879,204.21364
1885,48.921444
1888,108.70884
1889,58.53891
1890,142.41647
1896,146.9249
1897,220.8179
1898,171.39832
1900,97.26133
1905,85.8954
1908,103.51424
1909,157.45909
1913,89.81837
1918,128.37097
1922,236.2814
1923,178.16641
1925,204.97804
1926,149.04309
1927,222.27914
1930,194.72682
1935,93.53245
1939,114.53571
1942,132.36398
1943,178.8475
1948,240.05466
1949,206.23233
1951,144.0878
1953,142.07095
1959,186.53241
1963,73.08841
1967,177.79669
1973,200.1196
1975,98.82568
1976,59.06063
1990,140.23634
1993,136.98926
1997,87.31524
1999,178.93373
2001,188.22476
2004,70.5691
2010,139.86346
2013,176.09299
2017,220.31448
2021,127.889465
2023,83.765884
2026,196.61021
2037,79.60697
2039,89.31958
2041,74.275764
2046,64.9634
2050,101.30925
2060,199.05737
2067,144.9482
2069,187.58101
2072,203.13403
2074,199.29944
2079,154.22527
2083,87.29434
2085,104.9331
2087,67.96205
2093,175.45404
2094,77.872444
2097,96.43257
2103,118.05647
2104,73.262215
2107,225.41501
2108,56.115738
2110,50.86669
2115,217.56772
2117,70.0606
2125,221.09521
2127,231.45596
2133,62.392445
2134,232.52634
2135,147.50421
2141,210.0658
2143,79.05701
2145,59.72965
2146,103.53372
2147,197.49136
2148,96.61396
2149,53.95395
2165,129.98088
2166,185.00095
2177,114.46816
